{
	"forcing": {
		"years": [2000, 2005, 2010, 2020, 2030, 2040, 2050, 2060, 2070, 2080, 2090, 2100],
		"2.6": [1.723, 1.904, 2.129, 2.584, 2.862, 2.999, 2.998, 2.918, 2.854, 2.808, 2.759, 2.714],
		"4.5": [1.723, 1.905, 2.126, 2.579, 3.005, 3.411, 3.766, 4.021, 4.188, 4.256, 4.265, 4.309],
		"6.0": [1.723, 1.901, 2.089, 2.48, 2.854, 3.146, 3.521, 3.905, 4.443, 4.932, 5.255, 5.481],
		"8.5": [1.723, 1.906, 2.154, 2.665, 3.276, 3.993, 4.762, 5.539, 6.299, 7.02, 7.742, 8.388]
	},
	"temperature": {
		"years": [2000, 2005, 2010, 2020, 2030, 2040, 2050, 2060, 2070, 2080, 2090, 2100],
		"2.6": [
			17.1767998730283,
			17.3669892032552,
			17.574635371129,
			18.0364871616556,
			18.2379786426265,
			18.3430100100856,
			18.3401634219539,
			18.2814587334165,
			18.2414883144385,
			18.2033380036376,
			18.175831946174,
			18.1396994019442
		],
		"4.5": [
			17.1767998730283,
			17.3733845947987,
			17.5733059025758,
			18.0367243895698,
			18.3432161005941,
			18.6447311884422,
			18.995166348688,
			19.1617536589866,
			19.2577707283718,
			19.2952952281684,
			19.3091445982756,
			19.3232704842463
		],
		"6.0": [
			17.1767998730283,
			17.4175437483738,
			17.5239074567212,
			17.9700458718987,
			18.238447848788,
			18.4431680210957,
			18.7448502698271,
			19.0767157763249,
			19.6993403498271,
			20.2322285939422,
			20.4519270237185,
			20.6147344659558
		],
		"8.5": [
			17.1767998730283,
			17.4983734663815,
			17.6754887909885,
			18.100596339232,
			18.5382384140702,
			19.1350980107187,
			20.1232376166712,
			20.6502656463801,
			21.2842356376882,
			21.854780909937,
			22.2611798377686,
			22.6307904168148
		]
	}
}
